"","OTU","rab.all","rab.win.AZM","rab.win.Placebo","diff.btw","diff.win","effect","overlap","we.ep","we.eBH","wi.ep","wi.eBH","Kingdom","Phylum","Class","Order","Family","Genus","Species"
"1","Neisseria",13.6333247601636,13.8936839192788,13.3678634225106,-0.597599829585633,2.87567287084923,-0.156381830557231,0.411917616779595,0.0165385874553668,0.10786409314317,0.00684565173281228,0.053493241137298,"Bacteria","Proteobacteria","Gammaproteobacteria","Burkholderiales","Neisseriaceae","Neisseria",NA
"2","Haemophilus",13.3866179839015,13.2466767521365,13.5606640951048,0.464817158648723,2.81489694408241,0.141941571530812,0.425800000252903,0.038077431042629,0.190789031367459,0.0384620208158631,0.187335100607248,"Bacteria","Proteobacteria","Gammaproteobacteria","Pasteurellales","Pasteurellaceae","Haemophilus",NA
"3","Streptococcus",13.772369242096,14.0344471836857,13.4892300736854,-0.65749924983256,1.99925439494704,-0.271585952173345,0.351800000541579,3.907069681998e-05,0.00090876008961078,7.29959378266324e-05,0.00127305224762225,"Bacteria","Firmicutes","Bacilli","Lactobacillales","Streptococcaceae","Streptococcus",NA
"4","Prevotella",12.1811984382457,12.5502910247716,11.798236957255,-0.791954825473016,3.35399551920822,-0.173069447553611,0.389322135960665,0.000469280557369887,0.00624758851805726,0.00264369954904062,0.026119608941041,"Bacteria","Bacteroidota","Bacteroidia","Bacteroidales","Prevotellaceae","Prevotella",NA
"5","Moraxella",2.25554827010986,1.33758146624092,4.72024022157247,3.03417334569715,7.88178481068643,0.368156868597236,0.336532694071167,1.19410500483673e-05,0.000267985894905818,2.35166201311306e-05,0.000399315259701813,"Bacteria","Proteobacteria","Gammaproteobacteria","Pseudomonadales","Moraxellaceae","Moraxella",NA
"6","Veillonella",11.3348700191901,11.9283548513569,10.6817769984498,-1.15703409482834,2.96622944134555,-0.304355835107756,0.321535693542888,3.28944654472089e-07,1.79546595020644e-05,1.09263562786435e-07,7.51391352732746e-06,"Bacteria","Firmicutes","Negativicutes","Veillonellales-Selenomonadales","Veillonellaceae","Veillonella",NA
"7","Fusobacterium",10.3766104369311,10.1498647379012,10.6056756720127,0.346394138452052,3.3133753964294,0.0714226019029363,0.448800000172476,0.390559873314895,0.689386205054883,0.172452895760766,0.47887651125672,"Bacteria","Fusobacteriota","Fusobacteriia","Fusobacteriales","Fusobacteriaceae","Fusobacterium",NA
"8","Porphyromonas",10.3808039357853,10.7751296090592,10.0134479387392,-0.70153364170874,3.47030828511268,-0.151996533648433,0.405200000327783,0.248178761236449,0.554405219950004,0.00987680135941584,0.0709468773532193,"Bacteria","Bacteroidota","Bacteroidia","Bacteroidales","Porphyromonadaceae","Porphyromonas",NA
"9","Lautropia",9.07313577024473,9.83983017036947,8.26018367175033,-2.09998804952703,5.12356731734392,-0.36548739787842,0.301939612860346,2.01992443262335e-08,2.22250891289395e-06,4.98811322735046e-09,7.79809131854044e-07,"Bacteria","Proteobacteria","Gammaproteobacteria","Burkholderiales","Burkholderiaceae","Lautropia",NA
"10","Actinobacillus",3.69853911392454,2.61106406832624,7.33974314660913,0.768151419474465,9.86906422161156,0.0767494976579052,0.459508098516134,0.117563628928997,0.367862882588425,0.202078050738086,0.505111657560723,"Bacteria","Proteobacteria","Gammaproteobacteria","Pasteurellales","Pasteurellaceae","Actinobacillus",NA
"11","Gemella",9.5042969111692,9.81971276452781,9.09961639322732,-0.707734278866709,2.40036996907852,-0.220146150843111,0.36772645518296,0.000902199618390758,0.00992840668458646,0.000139092291728606,0.00205854920118083,"Bacteria","Firmicutes","Bacilli","Staphylococcales","Gemellaceae","Gemella",NA
"12","Alloprevotella",9.84950298582887,9.91481871674664,9.79612993482069,-0.33231492554444,3.97013954115266,-0.0622551993956733,0.459308138508815,0.241628830593941,0.553962968802803,0.287859956420916,0.623352991703081,"Bacteria","Bacteroidota","Bacteroidia","Bacteroidales","Prevotellaceae","Alloprevotella",NA
"13","Leptotrichia",9.01134457408543,9.10305092225195,8.90757216069659,-0.259888367630206,5.03342485673411,-0.0409231159328922,0.472400000092281,0.0839213032809826,0.309508312705351,0.397091043399533,0.715915447038725,"Bacteria","Fusobacteriota","Fusobacteriia","Fusobacteriales","Leptotrichiaceae","Leptotrichia",NA
"14","Rothia",10.1323195200519,10.6908736297288,9.3485912031707,-1.34950246186378,4.3512976846166,-0.229470541135896,0.349930014546739,2.30377149964041e-05,0.000571042300854765,4.76576582665362e-06,0.000161030357159107,"Bacteria","Actinobacteriota","Actinobacteria","Micrococcales","Micrococcaceae","Rothia",NA
"15","Aggregatibacter",3.83874749561907,2.1004904438394,8.06603981253495,2.12720090106427,8.34129394818341,0.275948864599961,0.37080000046148,0.00016942022796681,0.00249724072486933,0.000181873135813454,0.00248166560170504,"Bacteria","Proteobacteria","Gammaproteobacteria","Pasteurellales","Pasteurellaceae","Aggregatibacter",NA
"16","Granulicatella",9.79779818381084,10.1740446928934,9.2863049560398,-0.811224801911437,2.53330482970437,-0.214463113437924,0.346730654432885,0.000337994678607547,0.00468462126448106,1.41861194435996e-05,0.000346361633386871,"Bacteria","Firmicutes","Bacilli","Lactobacillales","Carnobacteriaceae","Granulicatella",NA
"17","Escherichia/Shigella",0.34692291653344,0.399682773054577,0.294653148055907,-0.10073272659649,4.3955793293594,-0.0181607822249229,0.491101779673729,0.51277138482905,0.739041154319718,0.493409392772041,0.736966461893565,"Bacteria","Proteobacteria","Gammaproteobacteria","Enterobacterales","Enterobacteriaceae","Escherichia/Shigella",NA
"18","ASV_52",2.06646494268675,2.69881682453933,1.52721110488641,-1.00157840245355,8.09386436772087,-0.126510237514213,0.42380000026004,0.0527438468316641,0.204060393617856,0.0666421549691884,0.23998986441964,"Bacteria","Proteobacteria","Gammaproteobacteria","Burkholderiales","Neisseriaceae","ASV_52",NA
"19","Actinomyces",8.83275945026097,9.23334204735138,8.27273000016542,-1.03081001005352,6.61050220069285,-0.161193585347842,0.377200000435609,0.00094220037831227,0.010471496193298,0.000307537410015905,0.0041947895651299,"Bacteria","Actinobacteriota","Actinobacteria","Actinomycetales","Actinomycetaceae","Actinomyces",NA
"20","Pseudomonas",0.379018206497519,0.476183072619691,0.281409474037416,-0.0821177647500013,4.46002262747746,-0.0148799102936046,0.492000000026674,0.406258490484961,0.628867722342043,0.429919440069193,0.649819471984569,"Bacteria","Proteobacteria","Gammaproteobacteria","Pseudomonadales","Pseudomonadaceae","Pseudomonas",NA
"21","ASV_62",1.64010306836865,1.22507559775268,2.20898368310982,1.08253406254222,7.20238602744219,0.142231610336775,0.425200000255041,0.0413192859897824,0.175960732855074,0.0440598945004827,0.180012193124168,"Bacteria","Firmicutes","Clostridia","Lachnospirales","Lachnospiraceae","ASV_62",NA
"22","Campylobacter",7.34160851133514,7.52016792312383,7.10821968915453,-0.324187153231758,5.11973266487902,-0.0527098635285373,0.460200000133513,0.221922968465722,0.51098928715243,0.221719843222416,0.548227345866341,"Bacteria","Campilobacterota","Campylobacteria","Campylobacterales","Campylobacteraceae","Campylobacter",NA
"23","Bergeyella",3.00330446534968,3.57131478169818,2.54333292371739,-0.894295288543947,6.893825838055,-0.120262807798896,0.443911217945718,0.176808301711766,0.422826737004772,0.141066334215603,0.398947902893964,"Bacteria","Bacteroidota","Bacteroidia","Flavobacteriales","Weeksellaceae","Bergeyella",NA
"24","ASV_68",0.891357491187819,1.04443848582808,0.723108862618917,-0.291944708274825,6.98122167643601,-0.0405847255595559,0.475104979087355,0.358876968797025,0.612601573492483,0.406513875278292,0.651265954866475,"Bacteria","Bacteroidota","Bacteroidia","Bacteroidales","Prevotellaceae","ASV_68",NA
"25","ASV_77",3.76516956918383,7.20896114763801,2.62522533864716,-0.846615485932531,7.77490577507093,-0.11111813930705,0.422200000265768,0.0497583895328252,0.208019144740868,0.0269899207974923,0.138454972619011,"Bacteria","Firmicutes","Bacilli","Lactobacillales","Carnobacteriaceae","ASV_77",NA
"26","Enterococcus",0.364709416750507,0.45581899700412,0.276132327284468,-0.219133380496517,4.43838241812229,-0.0420282331147275,0.476704659145975,0.393345040380625,0.635031133819939,0.446489693362605,0.680593574656993,"Bacteria","Firmicutes","Bacilli","Lactobacillales","Enterococcaceae","Enterococcus",NA
"27","Dolosigranulum",0.529941398659203,0.5664401148626,0.492632405977119,-0.0397646955989934,4.9870222510332,-0.00663978546461797,0.497200000009334,0.578866753861555,0.778670542049747,0.577483333664657,0.781667586308035,"Bacteria","Firmicutes","Bacilli","Lactobacillales","Carnobacteriaceae","Dolosigranulum",NA
"28","Corynebacterium",2.02395718795333,2.10003542403872,1.95108073644416,-0.523319346282189,7.01034118536879,-0.0711744681990443,0.467306538801664,0.318061324799995,0.595812467385132,0.353399687137634,0.641777584856795,"Bacteria","Actinobacteriota","Actinobacteria","Corynebacteriales","Corynebacteriaceae","Corynebacterium",NA
"29","Streptobacillus",1.52046751037414,0.966542787130201,2.29797874975606,1.66169893766415,6.38413577619002,0.240581789938812,0.397400000357034,0.0127384437064292,0.0579087022159907,0.00911766778905111,0.046732212004588,"Bacteria","Fusobacteriota","Fusobacteriia","Fusobacteriales","Leptotrichiaceae","Streptobacillus",NA
"30","Oribacterium",4.26367041880469,6.43825158517535,2.35668305040181,-1.91910761199781,6.91880235685797,-0.27924753799425,0.366400000479573,0.000866573003629119,0.00854084428583141,0.000141324010597482,0.00209390107992715,"Bacteria","Firmicutes","Clostridia","Lachnospirales","Lachnospiraceae","Oribacterium",NA
"31","ASV_112",0.505813621623904,0.479725550991424,0.533738831868025,0.168273192267491,5.05715641434715,0.0306790226138621,0.483000000056732,0.528389717301012,0.747394148016818,0.511463233019724,0.736045179270964,"Bacteria","Proteobacteria","Gammaproteobacteria","Pasteurellales","Pasteurellaceae","ASV_112",NA
"32","Stomatobaculum",2.5588625820792,2.44849856636885,2.66947297837682,-0.0701527857650435,6.96796722014654,-0.00934754021442036,0.494800000017335,0.681694311280242,0.854714173575502,0.711126304917069,0.884613615855881,"Bacteria","Firmicutes","Clostridia","Lachnospirales","Lachnospiraceae","Stomatobaculum",NA
"33","Lachnoanaerobaculum",5.42151256579687,6.15800529269474,3.35072841424106,-1.0755966786984,6.52505155230593,-0.15982776871431,0.408718256663368,0.0237286525044135,0.107838316067023,0.0103835960786235,0.0698904488172261,"Bacteria","Firmicutes","Clostridia","Lachnospirales","Lachnospiraceae","Lachnoanaerobaculum",NA
"34","ASV_120",0.393219862249744,0.468261548188266,0.321870266586089,-0.141319583527004,4.47013851963556,-0.0236370156713834,0.487102579527106,0.489540995233441,0.689440279578583,0.500969350487417,0.710539112759666,"Bacteria","Proteobacteria","Gammaproteobacteria","Pasteurellales","Pasteurellaceae","ASV_120",NA
"35","ASV_126",0.369429788312659,0.416042745132125,0.323830568042412,-0.0541280787568619,4.37171030526549,-0.0103512873474201,0.494501099798368,0.516889436522716,0.723409549974147,0.497025267831735,0.71263987739711,"Bacteria","Cyanobacteria","Cyanobacteriia","Chloroplast","ASV_126","ASV_126",NA
"36","Mannheimia",0.81575070240152,0.825645206159503,0.806751224592281,-0.0133177522122496,5.88245325331009,-0.00186094949113808,0.498200000006,0.582942723127092,0.787440074208454,0.548030358541818,0.767335272143589,"Bacteria","Proteobacteria","Gammaproteobacteria","Pasteurellales","Pasteurellaceae","Mannheimia",NA
"37","TM7x",2.32727182343285,2.77124980128367,1.97829490301241,-0.882672351032842,6.41928109900272,-0.129077041622482,0.440511897821537,0.157419682563969,0.371373006430548,0.112773483108577,0.321566812229272,"Bacteria","Patescibacteria","Saccharimonadia","Saccharimonadales","Saccharimonadaceae","TM7x",NA
"38","Tropheryma",0.485894530935821,0.48686691229395,0.484934706607624,0.0117189458072415,4.8114142177258,0.00234705814664843,0.498900219959673,0.556340282383092,0.758401839090064,0.521721458823772,0.74051630241738,"Bacteria","Actinobacteriota","Actinobacteria","Micrococcales","Cellulomonadaceae","Tropheryma",NA
"39","Solobacterium",2.29345964364505,2.24658769999617,2.3410059345572,0.0863012974178083,5.9417575418808,0.0157472102179988,0.493600000021337,0.636975334833717,0.825182987096675,0.65455450295888,0.847708791959694,"Bacteria","Firmicutes","Bacilli","Erysipelotrichales","Erysipelotrichaceae","Solobacterium",NA
"40","Peptostreptococcus",3.1336821601903,3.19502132091766,3.07102493322399,0.109954382856988,6.07760136051773,0.0159826903910528,0.491101779673729,0.650830931085065,0.845475327023507,0.694096594127105,0.877094564034698,"Bacteria","Firmicutes","Clostridia","Peptostreptococcales-Tissierellales","Peptostreptococcaceae","Peptostreptococcus",NA
"41","Abiotrophia",1.41561242282576,1.77183506255401,1.11605299455091,-0.803182139506209,6.49762162741608,-0.120403377537877,0.44200000019597,0.0726305397480322,0.230601538769947,0.0799716342100887,0.253755042350424,"Bacteria","Firmicutes","Bacilli","Lactobacillales","Aerococcaceae","Abiotrophia",NA
"42","Oceanivirga",0.62184974721497,0.4701150325382,0.800015517091847,0.508045984577242,5.23858172573172,0.0845388785099428,0.453109378282001,0.220774494643173,0.432966385217286,0.282720547107535,0.510149303365762,"Bacteria","Fusobacteriota","Fusobacteriia","Fusobacteriales","Leptotrichiaceae","Oceanivirga",NA
"43","ASV_157",0.575465347529285,0.491034189842772,0.666834198348897,0.177190445163142,4.84518640868675,0.0327951094849304,0.482200000059409,0.379690639359682,0.617771204170828,0.450477434853941,0.686667507286581,"Bacteria","Patescibacteria","Gracilibacteria","Absconditabacteriales_(SR1)","ASV_157","ASV_157",NA
"44","ASV_163",0.646419835198961,0.788649850050382,0.498339671002743,-0.357794660586253,5.18810901826828,-0.0593593124937795,0.466400000112508,0.316489948393633,0.538044672812559,0.394736562472977,0.622540650561614,"Bacteria","Cyanobacteria","Cyanobacteriia","Chloroplast","ASV_163","ASV_163",NA
"45","Bordetella",0.335676384487868,0.337068737131835,0.333984535983087,0.0374180301306426,4.36714808575812,0.00710746100017386,0.495400000015334,0.517205669340142,0.726971906932846,0.529444587194384,0.746795598583807,"Bacteria","Proteobacteria","Gammaproteobacteria","Burkholderiales","Alcaligenaceae","Bordetella",NA
"46","ASV_180",0.790941177679072,0.97300956758901,0.620124200371062,-0.457841708342715,5.95541659007708,-0.0721839368123441,0.461200000130117,0.253649946707626,0.49221047748138,0.313175907616951,0.541827350466521,"Bacteria","Firmicutes","Bacilli","Lactobacillales","Carnobacteriaceae","ASV_180",NA
"47","ASV_182",0.576431648891562,0.625358161545146,0.528689212141872,-0.121465729968015,5.14050768186108,-0.0218657854957438,0.489400000035349,0.563332710589304,0.773613119671348,0.528198969038992,0.7573929821822,"Bacteria","Bacteroidota","Bacteroidia","Bacteroidales","Prevotellaceae","ASV_182",NA
"48","ASV_187",0.493139151846999,0.400168053176003,0.57278394382345,0.262480739915215,4.7042486425206,0.0479604908112787,0.474705059072701,0.378326718026049,0.620711651341074,0.482426444662433,0.7108491936944,"Bacteria","Patescibacteria","Gracilibacteria","Absconditabacteriales_(SR1)","ASV_187","ASV_187",NA
"49","Treponema",1.23517483707609,0.589048865156228,2.19344940919997,2.20054440031438,5.69551381285336,0.345076428702488,0.346000000567134,9.82627584525625e-05,0.00118389391900729,6.51287338718358e-05,0.0009178904158775,"Bacteria","Spirochaetota","Spirochaetia","Spirochaetales","Spirochaetaceae","Treponema",NA
"50","Eikenella",0.620539954036044,0.751340937787096,0.504033727520791,-0.32415382851258,5.44373276465208,-0.0530568762459596,0.4718000000943,0.369341072323742,0.618229588608692,0.436134054437495,0.663581610094106,"Bacteria","Proteobacteria","Gammaproteobacteria","Burkholderiales","Neisseriaceae","Eikenella",NA
"51","ASV_203",0.452117662102471,0.530536749043966,0.374538984787247,-0.0531583698790827,4.70611096424977,-0.0105875649172452,0.495400000015334,0.505366316202173,0.730775572425584,0.469639135844628,0.692215835355926,"Bacteria","Bacteroidota","Bacteroidia","Bacteroidales","Prevotellaceae","ASV_203",NA
"52","ASV_205",0.720190627405808,0.458064103641635,1.01835485373541,0.755739949657894,4.99425808147518,0.136444422156235,0.434313137595238,0.104039087682885,0.253639501492652,0.114273945002415,0.284218530908862,"Bacteria","Firmicutes","Clostridia","Clostridia_UCG-014","ASV_205","ASV_205",NA
"53","ASV_209",0.668422112812977,0.529278506439801,0.843809510135979,0.48525380235169,4.92050753648974,0.0883236342119886,0.45720000014372,0.265040173439699,0.467904321745094,0.292369928751027,0.499106679249137,"Bacteria","Firmicutes","Clostridia","Clostridia_UCG-014","ASV_209","ASV_209",NA
"54","F0058",1.29600673413038,2.0758559451502,0.682835063029165,-1.79040830294733,5.64225216686011,-0.295102279130829,0.367926415190134,0.00100236486540179,0.00790008753558535,0.00104999694836854,0.00827532994433136,"Bacteria","Bacteroidota","Bacteroidia","Bacteroidales","Paludibacteraceae","F0058",NA
"55","ASV_214",0.444695859435297,0.401496838575889,0.491031175883347,0.229263251103388,4.90336228271142,0.0409899967378653,0.477800000074146,0.365488128550419,0.608199516170315,0.483662722343874,0.721785949422619,"Bacteria","Proteobacteria","Gammaproteobacteria","Pasteurellales","Pasteurellaceae","ASV_214",NA
"56","ASV_216",0.4930014007778,0.516650007486746,0.464091563341078,-0.0730983023444756,4.70208783859143,-0.0158911083950633,0.491200000029342,0.514219537537138,0.745320052100229,0.502484410434121,0.742686497075148,"Bacteria","Bacteroidota","Bacteroidia","Bacteroidales","Prevotellaceae","ASV_216",NA
"57","Conchiformibius",0.925109939404108,0.952581056302511,0.897127144016794,-0.0918080383650501,6.0278090489446,-0.011826447930487,0.493701259769042,0.569632504695474,0.779049941412594,0.545876814339565,0.776281322405064,"Bacteria","Proteobacteria","Gammaproteobacteria","Burkholderiales","Neisseriaceae","Conchiformibius",NA
"58","Hydrogenophaga",0.508879437107152,0.550970736772958,0.47125670826715,-0.077132393705317,4.66809067573872,-0.0144665608417411,0.492101579710387,0.528441319391307,0.742451218880853,0.546597385840914,0.754921129198529,"Bacteria","Proteobacteria","Gammaproteobacteria","Burkholderiales","Comamonadaceae","Hydrogenophaga",NA
"59","Catonella",1.86583584663318,1.76530125082712,1.97555011239825,0.177436779059968,6.13863939547942,0.0266997330158389,0.486902619519775,0.527659256967823,0.750207927943251,0.543275837461668,0.771561758103836,"Bacteria","Firmicutes","Clostridia","Lachnospirales","Lachnospiraceae","Catonella",NA
"60","Candidatus_Saccharimonas",1.48318410685952,2.09215612577775,0.996302154510345,-1.37469610025855,5.69322830309039,-0.215134957448659,0.399920016344185,0.0203915269222551,0.0841347500019788,0.0157553644441547,0.0711096242564788,"Bacteria","Patescibacteria","Saccharimonadia","Saccharimonadales","Saccharimonadaceae","Candidatus_Saccharimonas",NA
"61","ASV_239",0.673142908247717,0.714237388049426,0.640885553724781,-0.0779420366490209,5.0619247284085,-0.0131169212487107,0.492400000025339,0.540017210238166,0.760738326301913,0.547420193055219,0.764194446587147,"Bacteria","Bacteroidota","Bacteroidia","Bacteroidales","Prevotellaceae","ASV_239",NA
"62","ASV_242",0.33991149389484,0.324754730698101,0.361295354680187,0.0450681498129288,4.51935149479935,0.0093503482561719,0.494800000017335,0.465884486520603,0.684378566547253,0.45462867899613,0.686056438288298,"Bacteria","Cyanobacteria","Cyanobacteriia","Chloroplast","ASV_242","ASV_242",NA
"63","Mogibacterium",1.27720550287756,1.54196879906235,1.0240360120211,-0.788800605678196,5.62343607769588,-0.127427387074796,0.44200000019597,0.183041000104672,0.408321886073254,0.163264066482854,0.387156383828841,"Bacteria","Firmicutes","Clostridia","Peptostreptococcales-Tissierellales","Anaerovoracaceae","Mogibacterium",NA
"64","Atopobium",1.69165041174219,2.34673675645741,1.1552562325801,-1.35360125183163,5.93158453397644,-0.20899321970132,0.406318736576252,0.0216332010988652,0.105296010341574,0.0117114158791626,0.0670868988636358,"Bacteria","Actinobacteriota","Coriobacteriia","Coriobacteriales","Atopobiaceae","Atopobium",NA
"65","Selenomonas",1.15588025137791,1.05802552932859,1.25535517322565,0.28276766316986,5.58398768909586,0.0443566202992349,0.478800000070795,0.528114285567968,0.746795030754372,0.499693697881633,0.737223197710046,"Bacteria","Firmicutes","Negativicutes","Veillonellales-Selenomonadales","Selenomonadaceae","Selenomonas",NA
"66","ASV_260",0.414244077228677,0.519143139962698,0.314150508844778,-0.249630095266754,4.56118016888607,-0.0488091778905198,0.471200000096319,0.397583517002508,0.611884206076041,0.425680006583621,0.644449130100313,"Bacteria","Proteobacteria","Gammaproteobacteria","Burkholderiales","Neisseriaceae","ASV_260",NA
"67","Cardiobacterium",1.07016572303879,1.32524756332242,0.819582512713539,-0.733243887691451,5.46411076752223,-0.123453046304888,0.442200000195276,0.195942625250934,0.404432657185851,0.199267382788956,0.419623743554978,"Bacteria","Proteobacteria","Gammaproteobacteria","Cardiobacteriales","Cardiobacteriaceae","Cardiobacterium",NA
"68","ASV_280",0.401034748343206,0.318789891285547,0.482236007516875,0.209791818716955,4.4981258927491,0.0385520665066812,0.4797040592559,0.454116673440871,0.65797908726933,0.447227317631518,0.664653346026431,"Bacteria","Patescibacteria","Gracilibacteria","Absconditabacteriales_(SR1)","ASV_280","ASV_280",NA
"69","ASV_283",0.495393934699455,0.589302844333732,0.397892950801708,-0.220784848803286,4.58715388178833,-0.040442798985643,0.476200000079513,0.441937712739644,0.648058857845156,0.4658202094577,0.681904152859768,"Bacteria","Bacteroidota","Bacteroidia","Bacteroidales","Prevotellaceae","ASV_283",NA
"70","Comamonas",0.539955405683905,0.427095236819933,0.66465254950552,0.336239678751644,4.71114193889725,0.0615292272952085,0.465506898735757,0.381320546339991,0.609234582395951,0.388448770326025,0.620101975215309,"Bacteria","Proteobacteria","Gammaproteobacteria","Burkholderiales","Comamonadaceae","Comamonas",NA
"71","Capnocytophaga",1.7810431009885,2.48119225615145,1.25688441418675,-1.49536325835811,5.84878103479371,-0.235461848031963,0.393600000371489,0.010870716505181,0.0566597642370088,0.00491354099937205,0.0353097762403518,"Bacteria","Bacteroidota","Bacteroidia","Flavobacteriales","Flavobacteriaceae","Capnocytophaga",NA
"72","ASV_286",0.374480578648319,0.407009529216937,0.345547537019554,-0.119904550435673,4.38173807565914,-0.0205579476188961,0.486800000044031,0.541526831774399,0.761807945628689,0.512218052543657,0.738431672782189,"Bacteria","Cyanobacteria","Cyanobacteriia","Chloroplast","ASV_286","ASV_286",NA
"73","Kingella",0.841220205157462,0.97091628532389,0.706731215705004,-0.423078525003427,5.62400419775536,-0.0731676016758619,0.464800000117918,0.376426954845879,0.602948796833672,0.38852958254779,0.624579534337116,"Bacteria","Proteobacteria","Gammaproteobacteria","Burkholderiales","Neisseriaceae","Kingella",NA
"74","Butyrivibrio",0.836107940216209,0.861825456094746,0.815834684981197,-0.00212217361189992,5.04039021667029,-0.000307969762947112,0.499900019996334,0.565299647112635,0.780545854830212,0.524125819599249,0.754443301251651,"Bacteria","Firmicutes","Clostridia","Lachnospirales","Lachnospiraceae","Butyrivibrio",NA
"75","ASV_307",0.60501389119779,0.470736752547095,0.740902713679974,0.457607970340466,4.73532466405392,0.0878480298143053,0.458308338472223,0.290235888106645,0.516554796133786,0.320306149327869,0.562137438528133,"Bacteria","Firmicutes","Negativicutes","Veillonellales-Selenomonadales","Veillonellaceae","ASV_307",NA
"76","Mycoplasma",1.00840037217984,1.06565731805043,0.935511869287948,-0.182040887065737,5.51582982324996,-0.0312492408320423,0.485502899468461,0.569677306014,0.777834939211116,0.560919260899107,0.779543380246269,"Bacteria","Firmicutes","Bacilli","Mycoplasmatales","Mycoplasmataceae","Mycoplasma",NA
"77","Tannerella",1.08604487080343,1.26563258946976,0.910337596907666,-0.494027779396686,5.51692039308767,-0.0830175019511931,0.459600000135552,0.265175883818707,0.506877581603091,0.30817537892104,0.559712962477265,"Bacteria","Bacteroidota","Bacteroidia","Bacteroidales","Tannerellaceae","Tannerella",NA
"78","Parvimonas",0.906530970083156,0.90820815603872,0.904713892546983,-0.0329067230521138,5.11420277926568,-0.00550203612834645,0.497400000008667,0.54638714061285,0.769240626671442,0.54001679221881,0.772083800014274,"Bacteria","Firmicutes","Clostridia","Peptostreptococcales-Tissierellales","Peptostreptococcales-Tissierellales_fa","Parvimonas",NA
"79","ASV_329",0.372075380064206,0.395561693858028,0.349440176045897,-0.105711849057629,4.51515275397516,-0.0198621733137208,0.489702059622409,0.504770534869523,0.723571454527817,0.486097281385613,0.714039889593993,"Bacteria","Proteobacteria","Gammaproteobacteria","Burkholderiales","Neisseriaceae","ASV_329",NA
"80","ASV_331",0.784391102364648,0.977860583203575,0.606368783029844,-0.477853117505496,5.13829813318924,-0.083021398972071,0.459708058523453,0.213419802343391,0.423285154405347,0.240259428768466,0.481333426148762,"Bacteria","Firmicutes","Clostridia","Peptostreptococcales-Tissierellales","Anaerovoracaceae","ASV_331",NA
"81","Filifactor",0.558398742502272,0.454966590385737,0.666256329390471,0.307676805629261,4.5655850250129,0.0597815804536719,0.469400000102384,0.335880992929335,0.553174523264803,0.371048974877166,0.614124253068292,"Bacteria","Firmicutes","Clostridia","Peptostreptococcales-Tissierellales","Peptostreptococcaceae","Filifactor",NA
"82","Dialister",0.565104465924721,0.512260251248454,0.62498806913762,0.203484012139113,4.77999850060499,0.0377073996824124,0.480103979270558,0.445072838082393,0.669077603559322,0.452159219731618,0.694761724055613,"Bacteria","Firmicutes","Negativicutes","Veillonellales-Selenomonadales","Veillonellaceae","Dialister",NA
"83","ASV_339",0.442647588733349,0.541304230951924,0.342724745266335,-0.252725754121171,4.60720029653366,-0.0478339150411054,0.473905219043394,0.357796858908791,0.589695117699926,0.406536897998238,0.63280000457994,"Bacteria","Proteobacteria","Alphaproteobacteria","Rickettsiales","Mitochondria","ASV_339",NA
"84","Peptococcus",0.911972355227807,0.702615183200311,1.12877827175429,0.570344934509035,4.71915667247812,0.110796196767435,0.448400000173852,0.234472641671913,0.441436885348775,0.221768217999319,0.424738976697082,"Bacteria","Firmicutes","Clostridia","Peptococcales","Peptococcaceae","Peptococcus",NA
"85","Staphylococcus",0.353685167590763,0.38877471421123,0.321571358114668,-0.0609243560143833,4.41976443304134,-0.0119078513004622,0.494600000018002,0.497465295759163,0.728997438359269,0.507953384002011,0.738560759706031,"Bacteria","Firmicutes","Bacilli","Staphylococcales","Staphylococcaceae","Staphylococcus",NA
"86","ASV_372",0.337720337335339,0.390818979167334,0.286638179657933,-0.0734999194138757,4.29345905746588,-0.0131449572549448,0.493000000023338,0.517717716523647,0.737531892884587,0.509405566826326,0.734553683579087,"Bacteria","Bacteroidota","Bacteroidia","Bacteroidales","Prevotellaceae","ASV_372",NA
"87","Hyphomicrobium",0.422538248948076,0.486677126168368,0.353818483571436,-0.15569014308336,4.35736123607246,-0.0312138559024976,0.483800000054057,0.507346417848847,0.717497786482835,0.506183240488623,0.726145354173586,"Bacteria","Proteobacteria","Alphaproteobacteria","Rhizobiales","Hyphomicrobiaceae","Hyphomicrobium",NA
"88","ASV_383",0.394792995425867,0.458179645619764,0.318984265114843,-0.148743000154432,4.42867658487725,-0.0280577203754931,0.484503099431809,0.477422297631893,0.694546485480867,0.518940479979302,0.725459868013269,"Bacteria","Patescibacteria","Gracilibacteria","Absconditabacteriales_(SR1)","ASV_383","ASV_383",NA
"89","Psychrobacter",0.401216331238097,0.533439416992707,0.254943995027585,-0.229511048379323,4.44130355852528,-0.045372573564906,0.473905219043394,0.35889275752418,0.583273449196616,0.414761826876833,0.641693080949685,"Bacteria","Proteobacteria","Gammaproteobacteria","Pseudomonadales","Moraxellaceae","Psychrobacter",NA
"90","ASV_409",0.466755446967232,0.565873906978,0.378829801822781,-0.289221702179865,4.69149012359891,-0.0517388245651633,0.473305339021414,0.420910426638807,0.656508190041602,0.432472955362528,0.666078021533033,"Bacteria","Firmicutes","Clostridia","Peptostreptococcales-Tissierellales","Anaerovoracaceae","ASV_409",NA
"91","F0332",0.552398570652857,0.619328865913145,0.484314734823084,-0.145057736904128,4.62731147723483,-0.0283134065207354,0.4851029794538,0.487388244456595,0.710324447546916,0.538361440627953,0.737341218078747,"Bacteria","Actinobacteriota","Actinobacteria","Actinomycetales","Actinomycetaceae","F0332",NA
"92","ASV_422",0.448989067174178,0.41504116161317,0.489464935285107,0.125772061021448,4.54927508953402,0.0244942559930876,0.487800000040691,0.428761170132921,0.650657549359734,0.503811026722677,0.720522802340093,"Bacteria","Firmicutes","Bacilli","Acholeplasmatales","Acholeplasmataceae","ASV_422",NA
"93","ASV_426",0.319046167313924,0.346125004572987,0.298450212860489,-0.0592846862373806,4.29718589712672,-0.0133172272330048,0.49350129976171,0.507407477929622,0.729691985476045,0.48300536208828,0.71536119000273,"Bacteria","Proteobacteria","Alphaproteobacteria","Rickettsiales","Mitochondria","ASV_426",NA
"94","Peptoanaerobacter",0.492144907052452,0.407518720814242,0.583848422940516,0.321124639346043,4.57874043223634,0.0622062507750455,0.467000000110482,0.372193574504444,0.587697943305271,0.387056872847293,0.619541668345621,"Bacteria","Firmicutes","Clostridia","Peptostreptococcales-Tissierellales","Peptostreptococcaceae","Peptoanaerobacter",NA
"95","Delftia",0.391938590680819,0.445158451223222,0.3341672401782,-0.0524382848448193,4.33718295568072,-0.0108378176064003,0.494901019813033,0.520302205970994,0.740497620347823,0.506524938655185,0.741098996643913,"Bacteria","Proteobacteria","Gammaproteobacteria","Burkholderiales","Comamonadaceae","Delftia",NA
"96","Sphingopyxis",0.370697372127455,0.431063260617464,0.306426871215285,-0.172130343332334,4.29318814675676,-0.0358384898160437,0.484600000051382,0.505439001675507,0.721388299186062,0.495608806126024,0.717478527992337,"Bacteria","Proteobacteria","Alphaproteobacteria","Sphingomonadales","Sphingomonadaceae","Sphingopyxis",NA
"97","Lentimicrobium",0.503078028019467,0.471852619853768,0.55267970769289,0.154386191840846,4.5475797273702,0.0272043929846154,0.485902819483122,0.475620792894895,0.68551311833879,0.482156098969357,0.711588267484051,"Bacteria","Bacteroidota","Bacteroidia","Sphingobacteriales","Lentimicrobiaceae","Lentimicrobium",NA
"98","ASV_461",0.400381105790013,0.374515998382767,0.429401663242053,0.0210147658039137,4.33875820232324,0.00407455247676771,0.49700000001,0.511324100660013,0.728415239872158,0.51436376405056,0.738025464194025,"Bacteria","Patescibacteria","Gracilibacteria","Absconditabacteriales_(SR1)","ASV_461","ASV_461",NA
"99","ASV_472",0.412703284993521,0.455407249038052,0.370345670919371,-0.00246552506179842,4.33165444639142,-0.000477514793782588,0.499800000000667,0.505687729877069,0.716551083630274,0.492253923429319,0.715064626930124,"Bacteria","Firmicutes","Clostridia","Lachnospirales","Lachnospiraceae","ASV_472",NA
"100","ASV_485",0.365545231138661,0.34055556686912,0.39503400042487,0.0642899268051584,4.46654310255809,0.0105320187587852,0.492701459732382,0.485915612928174,0.707614955863482,0.486077936707406,0.711723377989685,"Bacteria","Firmicutes","Clostridia","Peptostreptococcales-Tissierellales","Anaerovoracaceae","ASV_485",NA
"101","Amnipila",0.455689605233726,0.386882153191952,0.522813579502261,0.17486744830291,4.54440088231713,0.0357112468392785,0.481703659329192,0.419987921573654,0.650935246335629,0.450514193192261,0.680841666909493,"Bacteria","Firmicutes","Clostridia","Peptostreptococcales-Tissierellales","Anaerovoracaceae","Amnipila",NA
"102","Rodentibacter",0.370783812600935,0.426282063360174,0.304425398911633,-0.157797042075773,4.37374240780913,-0.029953017487073,0.483503299395159,0.495296261740698,0.713193379916951,0.495866327043683,0.726882278790418,"Bacteria","Proteobacteria","Gammaproteobacteria","Pasteurellales","Pasteurellaceae","Rodentibacter",NA
"103","Bulleidia",0.425075985863887,0.411411472735089,0.437865244923235,0.0169282595169475,4.44351453370469,0.0036569216465481,0.498500299945009,0.550870149791488,0.760092744333767,0.543283878385252,0.76638138736607,"Bacteria","Firmicutes","Bacilli","Erysipelotrichales","Erysipelotrichaceae","Bulleidia",NA
"104","Shuttleworthia",0.467862607423084,0.650506908142972,0.285336351840096,-0.502085530913655,4.62169717252232,-0.0932739422546077,0.452109578245431,0.220638317438123,0.426171207315974,0.255872826840749,0.473824392413615,"Bacteria","Firmicutes","Clostridia","Lachnospirales","Lachnospiraceae","Shuttleworthia",NA
"105","ASV_508",0.376412146903814,0.344109866805274,0.401805027341442,0.101965085485305,4.42631851754891,0.0188649257850229,0.489800000034014,0.518836618606954,0.722617909488456,0.542169693533422,0.747986883500168,"Bacteria","Firmicutes","Negativicutes","Veillonellales-Selenomonadales","Selenomonadaceae","ASV_508",NA
"106","Rikenellaceae_RC9_gut_group",0.393540266673794,0.358894646027776,0.435269822332879,0.112831823034685,4.38264699911736,0.0256861264641848,0.486600000044699,0.505774134183175,0.714923334102296,0.495140235841631,0.716389235776779,"Bacteria","Bacteroidota","Bacteroidia","Bacteroidales","Rikenellaceae","Rikenellaceae_RC9_gut_group",NA
"107","ASV_525",0.378509374663603,0.463098743274941,0.288031378638169,-0.255015058174007,4.37419603790295,-0.0503911940849135,0.4718000000943,0.483756570187012,0.699841272716506,0.444207656919245,0.677598207193746,"Bacteria","Bacteroidota","Bacteroidia","Bacteroidales","Prevotellaceae","ASV_525",NA
"108","Sneathia",0.341413993119309,0.381803260079048,0.29477792144593,-0.11117025810479,4.45529134390344,-0.0197678345208483,0.489702059622409,0.485367647391766,0.721311750919603,0.507983772016922,0.73389951505998,"Bacteria","Fusobacteriota","Fusobacteriia","Fusobacteriales","Leptotrichiaceae","Sneathia",NA
"109","Alysiella",0.405849890972439,0.462942096874648,0.349689740857631,-0.084796295454626,4.49294722344803,-0.018289311051088,0.491200000029342,0.493084147497556,0.71888998499183,0.480170887082999,0.718103106405642,"Bacteria","Proteobacteria","Gammaproteobacteria","Burkholderiales","Neisseriaceae","Alysiella",NA
"110","ASV_540",0.455301293079621,0.644529114194222,0.275281526576296,-0.426064041856167,4.68718803412811,-0.0840569694533227,0.458908218494178,0.282843956150856,0.494273241732476,0.303393709320289,0.518514594432193,"Bacteria","Patescibacteria","Saccharimonadia","Saccharimonadales","ASV_540","ASV_540",NA
"111","ASV_543",0.300153184231231,0.380798039661805,0.216701406246223,-0.146582253549953,4.32425625629192,-0.0275532486612377,0.484503099431809,0.515613282477616,0.728456488381126,0.497566501374016,0.715121143788914,"Bacteria","Bacteroidota","Bacteroidia","Bacteroidales","Prevotellaceae","ASV_543",NA
"112","Centipeda",0.454160636091401,0.415402977925289,0.49961714619898,0.132788936763975,4.55435799376525,0.0250396788321033,0.487000000043362,0.508115481156145,0.728609765012845,0.50262736511319,0.728325145369348,"Bacteria","Firmicutes","Negativicutes","Veillonellales-Selenomonadales","Selenomonadaceae","Centipeda",NA
"113","ASV_561",0.36963352082176,0.380965641106971,0.356116459021859,0.0517204318039965,4.37226252156711,0.00911880600507648,0.494800000017335,0.528194527599379,0.733641383139344,0.520542645688099,0.739009069902943,"Bacteria","Patescibacteria","Gracilibacteria","ASV_561","ASV_561","ASV_561",NA
"114","Lactobacillus",0.435934231732038,0.505236065527598,0.368723736864065,-0.226730805587427,4.46121492849698,-0.0452670991628701,0.474800000084214,0.448618078493377,0.686130518697113,0.462085047156455,0.691171255854537,"Bacteria","Firmicutes","Bacilli","Lactobacillales","Lactobacillaceae","Lactobacillus",NA
"115","Carnobacterium",0.331850917098429,0.412694920649521,0.246015052802024,-0.15928190974262,4.3528700290338,-0.0286586153650116,0.483703259402489,0.449558319123362,0.670064534495451,0.461283435718606,0.684824253191295,"Bacteria","Firmicutes","Bacilli","Lactobacillales","Carnobacteriaceae","Carnobacterium",NA
"116","Defluviitaleaceae_UCG-011",0.482792577886853,0.360866511861028,0.606659243848138,0.346238755311961,4.54451909362528,0.0633373897204109,0.463200000123335,0.362513613947254,0.569030537122216,0.370189729547195,0.595514149045059,"Bacteria","Firmicutes","Clostridia","Lachnospirales","Defluviitaleaceae","Defluviitaleaceae_UCG-011",NA
"117","ASV_591",0.342591861543467,0.391501410071424,0.289583349027463,-0.0237263280813274,4.29505199430439,-0.00428817144158297,0.497600000008,0.445798171117077,0.67791629061894,0.471873798121266,0.711879018609072,"Bacteria","Bacteroidota","Bacteroidia","Bacteroidales","Prevotellaceae","ASV_591",NA
"118","ASV_596",0.349353112164207,0.393688473704279,0.300781366240032,-0.0480897626793304,4.33840367900278,-0.0109788655930284,0.49570085984236,0.483638220476326,0.710732556729192,0.479605272392359,0.708891674348283,"Bacteria","Patescibacteria","Gracilibacteria","ASV_596","ASV_596","ASV_596",NA
"119","ASV_613",0.338451953777272,0.352773167549835,0.320776265963133,-0.0465895648258758,4.28980153587578,-0.0087545078772166,0.495000000016668,0.496458770409272,0.720812015063289,0.500689492286815,0.721144948509715,"Bacteria","Bacteroidota","Bacteroidia","Bacteroidales","Prevotellaceae","ASV_613",NA
"120","ASV_639",0.363622182018783,0.367683258917705,0.359139273890528,-0.0346714595246755,4.41751625090968,-0.00613638465481956,0.49700000001,0.512392651690099,0.72404281159945,0.503324206778202,0.721877798921521,"Bacteria","Firmicutes","Bacilli","RF39","ASV_639","ASV_639",NA
"121","ASV_644",0.380225152723312,0.427966139984965,0.332667014872375,-0.0655426411250799,4.42376558132772,-0.0116707567811188,0.493301339754378,0.512214067605097,0.728011782727387,0.547955247554377,0.755597434127358,"Bacteria","Proteobacteria","Gammaproteobacteria","Cardiobacteriales","Cardiobacteriaceae","ASV_644",NA
"122","ASV_653",0.324245664105775,0.36618014805912,0.28241097547588,-0.105926198386005,4.2726879970842,-0.0214921568862183,0.488502299578422,0.48998421667512,0.696252760893068,0.473050744537682,0.695933108203258,"Bacteria","Bacteroidota","Bacteroidia","Bacteroidales","Prevotellaceae","ASV_653",NA
"123","ASV_682",0.453087923159627,0.449026974480734,0.45875227843317,0.105789610564375,4.41364193229006,0.0196046631760809,0.488400000038687,0.533828217424941,0.754027306701112,0.526359303537513,0.754124262783159,"Bacteria","Firmicutes","Clostridia","Peptostreptococcales-Tissierellales","Anaerovoracaceae","ASV_682",NA
"124","ASV_689",0.384848341003578,0.468987196454895,0.292027463082456,-0.199173517334357,4.42394061636157,-0.0391752839300937,0.4797040592559,0.4577033118191,0.667414361194182,0.472051247963843,0.686709766939215,"Bacteria","Patescibacteria","Saccharimonadia","Saccharimonadales","ASV_689","ASV_689",NA
"125","Family_XIII_UCG-001",0.488451657489899,0.458394847303177,0.510601296887246,0.108760644034002,4.46661403077593,0.0206387059376868,0.487502499541768,0.516277856319171,0.74272685112747,0.510044889053883,0.7375065295777,"Bacteria","Firmicutes","Clostridia","Peptostreptococcales-Tissierellales","Anaerovoracaceae","Family_XIII_UCG-001",NA
"126","Fretibacterium",0.445155576891648,0.392040647898803,0.494000471504795,0.172929687908954,4.5254905403492,0.0314423027972175,0.482903419373169,0.488412740472836,0.701855507718635,0.479421734527707,0.708576745597009,"Bacteria","Synergistota","Synergistia","Synergistales","Synergistaceae","Fretibacterium",NA
"127","ASV_761",0.343709971048181,0.401579981689792,0.278866597643418,-0.190211806483051,4.36368158736323,-0.0386123530596909,0.479000000070124,0.450710418940952,0.679536827058928,0.467022877442251,0.691936845204468,"Bacteria","Bacteroidota","Bacteroidia","Flavobacteriales","Weeksellaceae","ASV_761",NA
"128","ASV_767",0.378803704897098,0.447654659279527,0.306132313840696,-0.251833524134889,4.4146114249303,-0.0484929002475972,0.473905219043394,0.422238166614846,0.655098564527255,0.46308646782728,0.689898560541697,"Bacteria","Proteobacteria","Gammaproteobacteria","Burkholderiales","Neisseriaceae","ASV_767",NA
"129","Anaeroglobus",0.466540088131216,0.476078464426676,0.457209234920152,0.125352785538658,4.50619909842192,0.0233772984660154,0.489600000034682,0.505952152285315,0.733926805050816,0.521126457932463,0.742767707517642,"Bacteria","Firmicutes","Negativicutes","Veillonellales-Selenomonadales","Veillonellaceae","Anaeroglobus",NA
"130","ASV_817",0.339535632650765,0.365331700856387,0.316860747440412,-0.0783953837919693,4.35561709814831,-0.0162310692271097,0.493000000023338,0.479193943270898,0.701711743258392,0.489761013535057,0.723682562948046,"Bacteria","Firmicutes","Bacilli","RF39","ASV_817","ASV_817",NA
"131","ASV_854",0.410693951916837,0.424313865650253,0.396267123007171,-0.0158047339055862,4.3909280921349,-0.00318924776957586,0.498200000006,0.543142837113873,0.75587392384705,0.549028464979297,0.762940367006801,"Bacteria","Proteobacteria","Gammaproteobacteria","Cardiobacteriales","Cardiobacteriaceae","ASV_854",NA
"132","ASV_860",0.336858729719813,0.368827006877192,0.293539712477234,-0.149964137743473,4.38967185761121,-0.0290884173948724,0.48490301944647,0.481125663538565,0.708634110555873,0.517577495204693,0.742933822624435,"Bacteria","Patescibacteria","Saccharimonadia","Saccharimonadales","ASV_860","ASV_860",NA
"133","ASV_897",0.347943921088989,0.352691318441043,0.343030879075022,0.0225135562783043,4.33481129136179,0.00494213937593198,0.49770045991568,0.482949712773264,0.707857939929754,0.467551791955591,0.700790634756244,"Bacteria","Proteobacteria","Gammaproteobacteria","Burkholderiales","Neisseriaceae","ASV_897",NA
"134","Scardovia",0.393800978929797,0.419491213025798,0.365762739051565,-0.105781424041459,4.44534890610179,-0.0207024063473374,0.489800000034014,0.488614007761894,0.702018012439552,0.509073664253236,0.723701855850428,"Bacteria","Actinobacteriota","Actinobacteria","Bifidobacteriales","Bifidobacteriaceae","Scardovia",NA
"135","Acinetobacter",0.401472904094907,0.526950669988246,0.286360635068156,-0.338778454055519,4.40082729583877,-0.0654316954040851,0.464600000118595,0.43882905761401,0.645342875239069,0.424798345215832,0.648522676610449,"Bacteria","Proteobacteria","Gammaproteobacteria","Pseudomonadales","Moraxellaceae","Acinetobacter",NA
"136","ASV_934",0.379118594510048,0.351044298660247,0.400894238909944,0.0321323904036053,4.38507993491315,0.00632254847753638,0.496500699871688,0.516359489409459,0.73209312900167,0.510421379031255,0.73593229077723,"Bacteria","Firmicutes","Clostridia","Clostridia_UCG-014","ASV_934","ASV_934",NA
"137","Olsenella",0.343760554617806,0.404399085655603,0.291045452721994,-0.213708228638733,4.35139292640723,-0.0377683602037496,0.476704659145975,0.470089166496003,0.68670820402958,0.475991196598146,0.694481243067807,"Bacteria","Actinobacteriota","Coriobacteriia","Coriobacteriales","Atopobiaceae","Olsenella",NA
"138","Prevotellaceae_YAB2003_group",0.414459871981022,0.453196648925953,0.377649108556163,-0.0438016512293578,4.52920933420219,-0.00899785425270766,0.494400000018669,0.506191855505607,0.71375130830859,0.517612684201357,0.737187756016364,"Bacteria","Bacteroidota","Bacteroidia","Bacteroidales","Prevotellaceae","Prevotellaceae_YAB2003_group",NA
"139","ASV_976",0.366593301729512,0.373870956284378,0.360788527702179,-0.00454858584427242,4.26422289372587,-0.000700114987727687,0.49950009998167,0.462883278017568,0.689371020191088,0.50420566947996,0.719780117864894,"Bacteria","Campilobacterota","Campylobacteria","Campylobacterales","Rs-M59_termite_group","ASV_976",NA
"140","Mobiluncus",0.374734776397847,0.375111557356671,0.374115906503441,0.0434260896157053,4.336259459961,0.00927758640480469,0.495000000016668,0.528665879320782,0.735486807426797,0.506815531238074,0.721678791202064,"Bacteria","Actinobacteriota","Actinobacteria","Actinomycetales","Actinomycetaceae","Mobiluncus",NA
"141","ASV_1004",0.330080596715019,0.367607700827894,0.292485832708124,-0.105938168097908,4.45020613018487,-0.0200994154205823,0.489600000034682,0.516655022096912,0.732272285474789,0.494097297126795,0.732452269879924,"Bacteria","Patescibacteria","Saccharimonadia","Saccharimonadales","ASV_1004","ASV_1004",NA
"142","Desulfomicrobium",0.341018925364664,0.353277894202666,0.32973168895949,-0.0335510809030097,4.4266767243193,-0.00600238807172882,0.495900819849692,0.505253797253272,0.729408486910082,0.497957544158625,0.735094684878454,"Bacteria","Desulfobacterota","Desulfovibrionia","Desulfovibrionales","Desulfomicrobiaceae","Desulfomicrobium",NA
"143","ASV_1054",0.416131260012635,0.505692760017419,0.315950404382025,-0.248752853335042,4.43833191295332,-0.0522283477507246,0.474200000086229,0.432810927203472,0.651547474739589,0.446464170363083,0.675140645741221,"Bacteria","Patescibacteria","Saccharimonadia","Saccharimonadales","Saccharimonadaceae","ASV_1054",NA
"144","ASV_1095",0.37711270913591,0.355842598055698,0.398780614265205,0.102370531793248,4.35041617290466,0.0195167929963425,0.488400000038687,0.522115056630763,0.737996453064106,0.513822542722434,0.746168417284696,"Bacteria","Firmicutes","Clostridia","Peptostreptococcales-Tissierellales","Anaerovoracaceae","ASV_1095",NA
"145","ASV_1121",0.334882341858533,0.38840397934519,0.279505840134071,-0.13086359507865,4.32081374288159,-0.0269346109153717,0.484600000051382,0.483707182065762,0.702282559773544,0.465725696874642,0.699746533972104,"Bacteria","Patescibacteria","Saccharimonadia","Saccharimonadales","ASV_1121","ASV_1121",NA
"146","Johnsonella",0.596832403601578,0.585758534237429,0.607012764168316,0.0283617413692179,4.58646596867172,0.00552148732870002,0.496900619886352,0.530291457342347,0.754520476552053,0.543273764380423,0.767734989661168,"Bacteria","Firmicutes","Clostridia","Lachnospirales","Lachnospiraceae","Johnsonella",NA
"147","ASV_1202",0.370131558487733,0.386066183250175,0.351738810558764,-0.0383223220783178,4.36374450302091,-0.00820500578314091,0.494501099798368,0.467204421396012,0.700632461078064,0.484506036697816,0.717297201178044,"Bacteria","Firmicutes","Clostridia","Clostridia_vadinBB60_group","ASV_1202","ASV_1202",NA
"148","ASV_1212",0.336266706095982,0.374994872776635,0.300403750184439,-0.113611034478539,4.41017166944633,-0.0246819706105785,0.488102379563761,0.527786088333014,0.738182461701653,0.519680287561806,0.739094850141724,"Bacteria","Patescibacteria","Gracilibacteria","Absconditabacteriales_(SR1)","ASV_1212","ASV_1212",NA
"149","ASV_1230",0.342039944960344,0.386291474617662,0.291076925697991,-0.158872987770635,4.35202815607406,-0.034670204342434,0.484400000052051,0.477855976864929,0.694386935371535,0.465645683114479,0.693927526679379,"Bacteria","Patescibacteria","Saccharimonadia","Saccharimonadales","Saccharimonadaceae","ASV_1230",NA
"150","ASV_1234",0.36117109162486,0.38680448768094,0.338453510232567,-0.0443531991702191,4.31039191254261,-0.00950251703744865,0.494301139791037,0.469950014469701,0.707251209991003,0.473195521896445,0.714069739511143,"Bacteria","Firmicutes","Clostridia","Peptostreptococcales-Tissierellales","Anaerovoracaceae","ASV_1234",NA
"151","ASV_1235",0.34970183426138,0.392550988582054,0.299505050546006,-0.0982864423848238,4.32721842224468,-0.0188162258208126,0.489102179600416,0.496621645655024,0.704067774937237,0.490453943888391,0.719489021749139,"Bacteria","Proteobacteria","Gammaproteobacteria","Enterobacterales","Enterobacteriaceae","ASV_1235",NA
"152","ASV_1258",0.340328825802117,0.363945052212274,0.315354751966153,0.0117361116147725,4.34806453014929,0.00304163991235983,0.498500299945009,0.522942357302967,0.733156669627311,0.511240076507893,0.730964702163959,"Bacteria","Bacteroidota","Bacteroidia","ASV_1258","ASV_1258","ASV_1258",NA
"153","ASV_1272",0.374149882576061,0.451267248628673,0.307767502215848,-0.18374336212294,4.44494673682718,-0.0372147070996359,0.482200000059409,0.474069577960903,0.68875915588491,0.476047042637197,0.705767398224217,"Bacteria","Patescibacteria","Saccharimonadia","Saccharimonadales","Saccharimonadaceae","ASV_1272",NA
"154","ASV_1306",0.339925750821039,0.423733863240215,0.249711174730177,-0.122407163244835,4.35288869613645,-0.0253876321229453,0.486200000046035,0.454670252751736,0.686067062381372,0.453784328193289,0.693627225558778,"Bacteria","Patescibacteria","Saccharimonadia","Saccharimonadales","ASV_1306","ASV_1306",NA
"155","ASV_1325",0.343423651573776,0.374566812987007,0.31181454988347,-0.106915117474332,4.31733935540318,-0.0214729865826502,0.48860000003802,0.507537714122831,0.716733513069109,0.487996321300173,0.70923689639847,"Bacteria","Firmicutes","Clostridia","Peptostreptococcales-Tissierellales","Peptostreptococcaceae","ASV_1325",NA
"156","ASV_1343",0.406665858953665,0.450004154634604,0.359392980499415,-0.108814762654649,4.38340327870739,-0.0214259369222896,0.487600000041359,0.460074918696545,0.691884231937311,0.459081785364714,0.68965402547192,"Bacteria","Firmicutes","Clostridia","Peptostreptococcales-Tissierellales","Anaerovoracaceae","ASV_1343",NA
"157","ASV_1398",0.361278396801344,0.439973492413972,0.285590468254633,-0.210832015914512,4.38506096841706,-0.0409691313169892,0.479200000069454,0.446061260692718,0.676950545342538,0.435013132807772,0.663085982176865,"Bacteria","Actinobacteriota","Actinobacteria","ASV_1398","ASV_1398","ASV_1398",NA
"158","ASV_1401",0.30503579622843,0.353756973037374,0.248205811186496,-0.0366724320933862,4.37615742815705,-0.00684417851756829,0.497100579893684,0.500905661504722,0.730320069158202,0.481882714307016,0.724791377834706,"Bacteria","Proteobacteria","Gammaproteobacteria","Burkholderiales","Neisseriaceae","ASV_1401",NA
"159","ASV_1415",0.39676878346123,0.461380723899451,0.332765162403708,-0.218233508357787,4.43690689244339,-0.0405806559916576,0.47550489910201,0.44754603923841,0.670611898633267,0.425905632159669,0.66614912818643,"Bacteria","Patescibacteria","Saccharimonadia","Saccharimonadales","Saccharimonadaceae","ASV_1415",NA
"160","ASV_1456",0.337732414057901,0.327803303479715,0.346973549475132,-0.00395467586150744,4.30471633080589,-0.000553916120126173,0.499800000000667,0.502558891743858,0.720560286607916,0.491054787549892,0.718332900042002,"Bacteria","Proteobacteria","Alphaproteobacteria","Rickettsiales","Mitochondria","ASV_1456",NA
"161","ASV_1482",0.376643043474711,0.418985013936159,0.332545630190865,-0.00491980676601322,4.39538584447137,-0.000805662816209206,0.49950009998167,0.487834756226702,0.713132569660753,0.498973694534511,0.729472400913929,"Bacteria","Bacteroidota","Bacteroidia","Bacteroidales","Prevotellaceae","ASV_1482",NA
"162","Desulfobulbus",0.375354362614951,0.358388778706796,0.392000234638363,0.107560862048411,4.35964716753895,0.0191763011697106,0.48790241955643,0.485151544561002,0.706291550469714,0.503578607459438,0.721116236128737,"Bacteria","Desulfobacterota","Desulfobulbia","Desulfobulbales","Desulfobulbaceae","Desulfobulbus",NA
"163","ASV_1504",0.342455226170476,0.362338624723898,0.319338447627423,-0.0792758603094832,4.35801843058328,-0.015967430641133,0.493400000022004,0.49549946650074,0.712733339447368,0.454936176796488,0.701741843266658,"Bacteria","Firmicutes","Clostridia","Peptostreptococcales-Tissierellales","Peptostreptococcaceae","ASV_1504",NA
"164","Brevundimonas",0.359481670902086,0.388626512391266,0.33072565492972,-0.110841712093475,4.39121678489016,-0.0224890154882327,0.488902219593085,0.488946354908232,0.699584176033595,0.49705561515087,0.711274506926912,"Bacteria","Proteobacteria","Alphaproteobacteria","Caulobacterales","Caulobacteraceae","Brevundimonas",NA
"165","Brevibacterium",0.353584840018083,0.410882893180779,0.293166442950376,-0.0851002600380646,4.3456789919255,-0.0165409284449414,0.491800000027341,0.510083630235806,0.71799389515861,0.501095582065073,0.719750847096725,"Bacteria","Actinobacteriota","Actinobacteria","Micrococcales","Brevibacteriaceae","Brevibacterium",NA
"166","ASV_1628",0.344578096346179,0.345282344296936,0.344111553906338,-0.0335993548129006,4.328242747613,-0.0050990834282905,0.49770045991568,0.554537357900375,0.766677620392554,0.558274344375851,0.776637799258357,"Bacteria","Firmicutes","Bacilli","RF39","ASV_1628","ASV_1628",NA
"167","Pseudoramibacter",0.373616838644632,0.382131665607114,0.361703022047668,-0.02719227133466,4.26430356756286,-0.00646957135394063,0.496800000010667,0.503898139316789,0.724187876162733,0.494764776035002,0.72196918815958,"Bacteria","Firmicutes","Clostridia","Eubacteriales","Eubacteriaceae","Pseudoramibacter",NA
"168","ASV_1738",0.345846196991577,0.347841261665332,0.345121427958234,-0.00552753949725915,4.30628346959677,-0.00161842520908285,0.499000000003333,0.462098616818847,0.690274261957243,0.484194911223193,0.713737172489658,"Bacteria","Firmicutes","Clostridia","Peptostreptococcales-Tissierellales","Anaerovoracaceae","ASV_1738",NA
"169","Leuconostoc",0.337645853860379,0.404370677201391,0.269770084404666,-0.0598441364062703,4.31751310806649,-0.0100946588858648,0.49350129976171,0.445911150434605,0.682681398877672,0.452633340972897,0.694762974776599,"Bacteria","Firmicutes","Bacilli","Lactobacillales","Leuconostocaceae","Leuconostoc",NA
"170","Wolinella",0.34342071494724,0.340198036272374,0.345377219333837,-0.00983066285379941,4.2979736774248,-0.00102394724799479,0.499300139974337,0.512336306585013,0.727849362694212,0.52644299690569,0.745315693430044,"Bacteria","Campilobacterota","Campylobacteria","Campylobacterales","Helicobacteraceae","Wolinella",NA
